{"cameraMode":{"drawMode":0,"name":"Shaded","section":"Shading Mode"},"sceneLighting":true,"audioPlay":false,"sceneViewState":{"m_AlwaysRefresh":false,"showFog":true,"showSkybox":true,"showFlares":true,"showImageEffects":true,"showParticleSystems":true,"showVisualEffectGraphs":true,"m_FxEnabled":true},"in2DMode":false,"pivot":{"x":-0.9947338104248047,"y":1.1908760070800782,"z":1.1568957567214966},"rotation":{"x":0.19698286056518556,"y":0.6249523162841797,"z":-0.16717566549777986,"w":0.7367515563964844},"size":4.166025161743164,"orthographic":false}